{
    "latitude": 9.739942899999999,
    "longitude": -82.8483737,
    "timezone": "America/Costa_Rica",
    "currently": {
        "time": 1548356813,
        "summary": "Humid and Partly Cloudy",
        "icon": "partly-cloudy-day",
        "precipIntensity": 0,
        "precipProbability": 0,
        "temperature": 82.51,
        "apparentTemperature": 88.44,
        "dewPoint": 73.39,
        "humidity": 0.74,
        "pressure": 1011.68,
        "windSpeed": 6.23,
        "windGust": 7.81,
        "windBearing": 48,
        "cloudCover": 0.48,
        "uvIndex": 7,
        "visibility": 7.52,
        "ozone": 241.72
    },
    "hourly": {
        "summary": "Humid and mostly cloudy throughout the day.",
        "icon": "partly-cloudy-night",
        "data": [
            {
                "time": 1548356400,
                "summary": "Humid and Partly Cloudy",
                "icon": "partly-cloudy-day",
                "precipIntensity": 0,
                "precipProbability": 0,
                "temperature": 82.47,
                "apparentTemperature": 88.4,
                "dewPoint": 73.44,
                "humidity": 0.74,
                "pressure": 1011.74,
                "windSpeed": 6.28,
                "windGust": 7.71,
                "windBearing": 50,
                "cloudCover": 0.48,
                "uvIndex": 7,
                "visibility": 7.24,
                "ozone": 241.81
            },
            {
                "time": 1548360000,
                "summary": "Humid and Partly Cloudy",
                "icon": "partly-cloudy-day",
                "precipIntensity": 0,
                "precipProbability": 0,
                "temperature": 82.86,
                "apparentTemperature": 88.73,
                "dewPoint": 73.03,
                "humidity": 0.72,
                "pressure": 1011.15,
                "windSpeed": 6.29,
                "windGust": 8.64,
                "windBearing": 29,
                "cloudCover": 0.54,
                "uvIndex": 5,
                "visibility": 9.7,
                "ozone": 241.06
            },
            {
                "time": 1548363600,
                "summary": "Humid and Partly Cloudy",
                "icon": "partly-cloudy-day",
                "precipIntensity": 0.0002,
                "precipProbability": 0.03,
                "precipType": "rain",
                "temperature": 82.54,
                "apparentTemperature": 87.91,
                "dewPoint": 72.47,
                "humidity": 0.72,
                "pressure": 1010.85,
                "windSpeed": 6.74,
                "windGust": 9.05,
                "windBearing": 9,
                "cloudCover": 0.59,
                "uvIndex": 3,
                "visibility": 10,
                "ozone": 240.42
            },
            {
                "time": 1548367200,
                "summary": "Humid and Partly Cloudy",
                "icon": "partly-cloudy-day",
                "precipIntensity": 0.0012,
                "precipProbability": 0.07,
                "precipType": "rain",
                "temperature": 81.38,
                "apparentTemperature": 86.01,
                "dewPoint": 72.15,
                "humidity": 0.74,
                "pressure": 1010.95,
                "windSpeed": 6.71,
                "windGust": 8.42,
                "windBearing": 356,
                "cloudCover": 0.52,
                "uvIndex": 1,
                "visibility": 10,
                "ozone": 240
            },
            {
                "time": 1548370800,
                "summary": "Humid and Partly Cloudy",
                "icon": "partly-cloudy-day",
                "precipIntensity": 0.0054,
                "precipProbability": 0.14,
                "precipType": "rain",
                "temperature": 79.9,
                "apparentTemperature": 83.64,
                "dewPoint": 72.02,
                "humidity": 0.77,
                "pressure": 1011.29,
                "windSpeed": 5.96,
                "windGust": 7.28,
                "windBearing": 351,
                "cloudCover": 0.39,
                "uvIndex": 0,
                "visibility": 10,
                "ozone": 239.67
            },
            {
                "time": 1548374400,
                "summary": "Partly Cloudy",
                "icon": "partly-cloudy-night",
                "precipIntensity": 0.0117,
                "precipProbability": 0.18,
                "precipType": "rain",
                "temperature": 78.87,
                "apparentTemperature": 81.9,
                "dewPoint": 71.94,
                "humidity": 0.79,
                "pressure": 1011.74,
                "windSpeed": 5.32,
                "windGust": 6.44,
                "windBearing": 351,
                "cloudCover": 0.35,
                "uvIndex": 0,
                "visibility": 10,
                "ozone": 239.5
            },
            {
                "time": 1548378000,
                "summary": "Partly Cloudy",
                "icon": "partly-cloudy-night",
                "precipIntensity": 0.0177,
                "precipProbability": 0.2,
                "precipType": "rain",
                "temperature": 78.06,
                "apparentTemperature": 79.4,
                "dewPoint": 71.93,
                "humidity": 0.82,
                "pressure": 1012.34,
                "windSpeed": 4.93,
                "windGust": 6.24,
                "windBearing": 7,
                "cloudCover": 0.48,
                "uvIndex": 0,
                "visibility": 10,
                "ozone": 239.72
            },
            {
                "time": 1548381600,
                "summary": "Mostly Cloudy",
                "icon": "partly-cloudy-night",
                "precipIntensity": 0.0238,
                "precipProbability": 0.21,
                "precipType": "rain",
                "temperature": 77.37,
                "apparentTemperature": 78.73,
                "dewPoint": 71.95,
                "humidity": 0.83,
                "pressure": 1013.01,
                "windSpeed": 4.62,
                "windGust": 6.36,
                "windBearing": 9,
                "cloudCover": 0.69,
                "uvIndex": 0,
                "visibility": 10,
                "ozone": 240.12
            },
            {
                "time": 1548385200,
                "summary": "Possible Light Rain",
                "icon": "rain",
                "precipIntensity": 0.0272,
                "precipProbability": 0.21,
                "precipType": "rain",
                "temperature": 76.33,
                "apparentTemperature": 77.72,
                "dewPoint": 71.94,
                "humidity": 0.86,
                "pressure": 1013.49,
                "windSpeed": 4.52,
                "windGust": 6.62,
                "windBearing": 334,
                "cloudCover": 0.82,
                "uvIndex": 0,
                "visibility": 10,
                "ozone": 240.48
            },
            {
                "time": 1548388800,
                "summary": "Mostly Cloudy",
                "icon": "partly-cloudy-night",
                "precipIntensity": 0.0253,
                "precipProbability": 0.19,
                "precipType": "rain",
                "temperature": 75.73,
                "apparentTemperature": 77.12,
                "dewPoint": 71.84,
                "humidity": 0.88,
                "pressure": 1013.58,
                "windSpeed": 4.48,
                "windGust": 7,
                "windBearing": 331,
                "cloudCover": 0.75,
                "uvIndex": 0,
                "visibility": 10,
                "ozone": 240.48
            },
            {
                "time": 1548392400,
                "summary": "Mostly Cloudy",
                "icon": "partly-cloudy-night",
                "precipIntensity": 0.0208,
                "precipProbability": 0.16,
                "precipType": "rain",
                "temperature": 75.42,
                "apparentTemperature": 76.81,
                "dewPoint": 71.71,
                "humidity": 0.88,
                "pressure": 1013.47,
                "windSpeed": 4.47,
                "windGust": 7.45,
                "windBearing": 323,
                "cloudCover": 0.62,
                "uvIndex": 0,
                "visibility": 9.52,
                "ozone": 240.48
            },
            {
                "time": 1548396000,
                "summary": "Partly Cloudy",
                "icon": "partly-cloudy-night",
                "precipIntensity": 0.0172,
                "precipProbability": 0.15,
                "precipType": "rain",
                "temperature": 75.31,
                "apparentTemperature": 76.69,
                "dewPoint": 71.57,
                "humidity": 0.88,
                "pressure": 1013.26,
                "windSpeed": 4.59,
                "windGust": 7.64,
                "windBearing": 319,
                "cloudCover": 0.55,
                "uvIndex": 0,
                "visibility": 8.71,
                "ozone": 240.34
            },
            {
                "time": 1548399600,
                "summary": "Partly Cloudy",
                "icon": "partly-cloudy-night",
                "precipIntensity": 0.0141,
                "precipProbability": 0.14,
                "precipType": "rain",
                "temperature": 75.39,
                "apparentTemperature": 76.75,
                "dewPoint": 71.45,
                "humidity": 0.88,
                "pressure": 1012.97,
                "windSpeed": 3.73,
                "windGust": 7.31,
                "windBearing": 335,
                "cloudCover": 0.59,
                "uvIndex": 0,
                "visibility": 8.79,
                "ozone": 240.12
            },
            {
                "time": 1548403200,
                "summary": "Mostly Cloudy",
                "icon": "partly-cloudy-night",
                "precipIntensity": 0.0113,
                "precipProbability": 0.14,
                "precipType": "rain",
                "temperature": 75.64,
                "apparentTemperature": 76.96,
                "dewPoint": 71.31,
                "humidity": 0.86,
                "pressure": 1012.59,
                "windSpeed": 2.27,
                "windGust": 6.72,
                "windBearing": 307,
                "cloudCover": 0.7,
                "uvIndex": 0,
                "visibility": 9.28,
                "ozone": 239.8
            },
            {
                "time": 1548406800,
                "summary": "Mostly Cloudy",
                "icon": "partly-cloudy-night",
                "precipIntensity": 0.0097,
                "precipProbability": 0.14,
                "precipType": "rain",
                "temperature": 75.85,
                "apparentTemperature": 77.15,
                "dewPoint": 71.16,
                "humidity": 0.85,
                "pressure": 1012.4,
                "windSpeed": 4.22,
                "windGust": 6.26,
                "windBearing": 303,
                "cloudCover": 0.77,
                "uvIndex": 0,
                "visibility": 9.57,
                "ozone": 239.65
            },
            {
                "time": 1548410400,
                "summary": "Mostly Cloudy",
                "icon": "partly-cloudy-night",
                "precipIntensity": 0.0094,
                "precipProbability": 0.14,
                "precipType": "rain",
                "temperature": 75.73,
                "apparentTemperature": 77,
                "dewPoint": 70.89,
                "humidity": 0.85,
                "pressure": 1012.48,
                "windSpeed": 3.94,
                "windGust": 6.01,
                "windBearing": 301,
                "cloudCover": 0.76,
                "uvIndex": 0,
                "visibility": 9.3,
                "ozone": 239.43
            },
            {
                "time": 1548414000,
                "summary": "Mostly Cloudy",
                "icon": "partly-cloudy-night",
                "precipIntensity": 0.0103,
                "precipProbability": 0.14,
                "precipType": "rain",
                "temperature": 75.57,
                "apparentTemperature": 76.81,
                "dewPoint": 70.63,
                "humidity": 0.85,
                "pressure": 1012.75,
                "windSpeed": 3.75,
                "windGust": 5.89,
                "windBearing": 294,
                "cloudCover": 0.74,
                "uvIndex": 0,
                "visibility": 8.84,
                "ozone": 239.24
            },
            {
                "time": 1548417600,
                "summary": "Mostly Cloudy",
                "icon": "partly-cloudy-day",
                "precipIntensity": 0.0113,
                "precipProbability": 0.15,
                "precipType": "rain",
                "temperature": 75.81,
                "apparentTemperature": 77.03,
                "dewPoint": 70.58,
                "humidity": 0.84,
                "pressure": 1013.11,
                "windSpeed": 3.63,
                "windGust": 5.86,
                "windBearing": 288,
                "cloudCover": 0.73,
                "uvIndex": 0,
                "visibility": 8.61,
                "ozone": 239.24
            },
            {
                "time": 1548421200,
                "summary": "Mostly Cloudy",
                "icon": "partly-cloudy-day",
                "precipIntensity": 0.0115,
                "precipProbability": 0.15,
                "precipType": "rain",
                "temperature": 76.74,
                "apparentTemperature": 77.98,
                "dewPoint": 70.92,
                "humidity": 0.82,
                "pressure": 1013.67,
                "windSpeed": 3.46,
                "windGust": 5.99,
                "windBearing": 288,
                "cloudCover": 0.77,
                "uvIndex": 1,
                "visibility": 8.69,
                "ozone": 239.52
            },
            {
                "time": 1548424800,
                "summary": "Mostly Cloudy",
                "icon": "partly-cloudy-day",
                "precipIntensity": 0.0114,
                "precipProbability": 0.16,
                "precipType": "rain",
                "temperature": 78.09,
                "apparentTemperature": 79.36,
                "dewPoint": 71.45,
                "humidity": 0.8,
                "pressure": 1014.35,
                "windSpeed": 3.96,
                "windGust": 6.19,
                "windBearing": 319,
                "cloudCover": 0.82,
                "uvIndex": 2,
                "visibility": 8.98,
                "ozone": 240.07
            },
            {
                "time": 1548428400,
                "summary": "Mostly Cloudy",
                "icon": "partly-cloudy-day",
                "precipIntensity": 0.0116,
                "precipProbability": 0.15,
                "precipType": "rain",
                "temperature": 78.98,
                "apparentTemperature": 82.06,
                "dewPoint": 71.9,
                "humidity": 0.79,
                "pressure": 1014.69,
                "windSpeed": 4.5,
                "windGust": 6.36,
                "windBearing": 318,
                "cloudCover": 0.85,
                "uvIndex": 4,
                "visibility": 9.6,
                "ozone": 240.21
            },
            {
                "time": 1548432000,
                "summary": "Humid and Mostly Cloudy",
                "icon": "partly-cloudy-day",
                "precipIntensity": 0.0134,
                "precipProbability": 0.17,
                "precipType": "rain",
                "temperature": 80.44,
                "apparentTemperature": 84.57,
                "dewPoint": 72.2,
                "humidity": 0.76,
                "pressure": 1014.43,
                "windSpeed": 5.01,
                "windGust": 6.32,
                "windBearing": 334,
                "cloudCover": 0.79,
                "uvIndex": 6,
                "visibility": 10,
                "ozone": 240.13
            },
            {
                "time": 1548435600,
                "summary": "Humid and Mostly Cloudy",
                "icon": "partly-cloudy-day",
                "precipIntensity": 0.0176,
                "precipProbability": 0.18,
                "precipType": "rain",
                "temperature": 81.34,
                "apparentTemperature": 86.09,
                "dewPoint": 72.44,
                "humidity": 0.75,
                "pressure": 1013.83,
                "windSpeed": 5.54,
                "windGust": 6.21,
                "windBearing": 8,
                "cloudCover": 0.7,
                "uvIndex": 7,
                "visibility": 10,
                "ozone": 239.8
            },
            {
                "time": 1548439200,
                "summary": "Humid and Mostly Cloudy",
                "icon": "partly-cloudy-day",
                "precipIntensity": 0.0217,
                "precipProbability": 0.19,
                "precipType": "rain",
                "temperature": 81.85,
                "apparentTemperature": 87,
                "dewPoint": 72.67,
                "humidity": 0.74,
                "pressure": 1013.17,
                "windSpeed": 5.95,
                "windGust": 6.36,
                "windBearing": 357,
                "cloudCover": 0.65,
                "uvIndex": 8,
                "visibility": 10,
                "ozone": 239.37
            },
            {
                "time": 1548442800,
                "summary": "Humid and Mostly Cloudy",
                "icon": "partly-cloudy-day",
                "precipIntensity": 0.0223,
                "precipProbability": 0.2,
                "precipType": "rain",
                "temperature": 81.48,
                "apparentTemperature": 86.53,
                "dewPoint": 72.88,
                "humidity": 0.75,
                "pressure": 1012.41,
                "windSpeed": 6.41,
                "windGust": 6.91,
                "windBearing": 354,
                "cloudCover": 0.71,
                "uvIndex": 7,
                "visibility": 10,
                "ozone": 238.4
            },
            {
                "time": 1548446400,
                "summary": "Humid and Mostly Cloudy",
                "icon": "partly-cloudy-day",
                "precipIntensity": 0.0214,
                "precipProbability": 0.22,
                "precipType": "rain",
                "temperature": 80.9,
                "apparentTemperature": 85.68,
                "dewPoint": 73.04,
                "humidity": 0.77,
                "pressure": 1011.59,
                "windSpeed": 6.83,
                "windGust": 7.73,
                "windBearing": 356,
                "cloudCover": 0.81,
                "uvIndex": 5,
                "visibility": 10,
                "ozone": 237.19
            },
            {
                "time": 1548450000,
                "summary": "Humid and Mostly Cloudy",
                "icon": "partly-cloudy-day",
                "precipIntensity": 0.0211,
                "precipProbability": 0.26,
                "precipType": "rain",
                "temperature": 80.15,
                "apparentTemperature": 84.43,
                "dewPoint": 73.08,
                "humidity": 0.79,
                "pressure": 1011.07,
                "windSpeed": 6.96,
                "windGust": 8.18,
                "windBearing": 357,
                "cloudCover": 0.88,
                "uvIndex": 3,
                "visibility": 10,
                "ozone": 236.34
            },
            {
                "time": 1548453600,
                "summary": "Humid and Mostly Cloudy",
                "icon": "partly-cloudy-day",
                "precipIntensity": 0.0218,
                "precipProbability": 0.26,
                "precipType": "rain",
                "temperature": 79.38,
                "apparentTemperature": 83,
                "dewPoint": 72.87,
                "humidity": 0.81,
                "pressure": 1011.05,
                "windSpeed": 6.43,
                "windGust": 7.8,
                "windBearing": 354,
                "cloudCover": 0.86,
                "uvIndex": 1,
                "visibility": 9.96,
                "ozone": 235.77
            },
            {
                "time": 1548457200,
                "summary": "Humid and Mostly Cloudy",
                "icon": "partly-cloudy-day",
                "precipIntensity": 0.0231,
                "precipProbability": 0.26,
                "precipType": "rain",
                "temperature": 78.48,
                "apparentTemperature": 79.88,
                "dewPoint": 72.51,
                "humidity": 0.82,
                "pressure": 1011.35,
                "windSpeed": 6.12,
                "windGust": 7.06,
                "windBearing": 337,
                "cloudCover": 0.84,
                "uvIndex": 0,
                "visibility": 9.77,
                "ozone": 235.63
            },
            {
                "time": 1548460800,
                "summary": "Humid and Mostly Cloudy",
                "icon": "partly-cloudy-night",
                "precipIntensity": 0.0237,
                "precipProbability": 0.25,
                "precipType": "rain",
                "temperature": 77.86,
                "apparentTemperature": 79.24,
                "dewPoint": 72.2,
                "humidity": 0.83,
                "pressure": 1011.76,
                "windSpeed": 5.71,
                "windGust": 6.7,
                "windBearing": 331,
                "cloudCover": 0.83,
                "uvIndex": 0,
                "visibility": 9.58,
                "ozone": 235.63
            },
            {
                "time": 1548464400,
                "summary": "Mostly Cloudy",
                "icon": "partly-cloudy-night",
                "precipIntensity": 0.0218,
                "precipProbability": 0.22,
                "precipType": "rain",
                "temperature": 77.45,
                "apparentTemperature": 78.81,
                "dewPoint": 71.97,
                "humidity": 0.83,
                "pressure": 1012.41,
                "windSpeed": 5.5,
                "windGust": 7.19,
                "windBearing": 342,
                "cloudCover": 0.84,
                "uvIndex": 0,
                "visibility": 9.3,
                "ozone": 235.91
            },
            {
                "time": 1548468000,
                "summary": "Mostly Cloudy",
                "icon": "partly-cloudy-night",
                "precipIntensity": 0.0187,
                "precipProbability": 0.2,
                "precipType": "rain",
                "temperature": 77.12,
                "apparentTemperature": 78.46,
                "dewPoint": 71.77,
                "humidity": 0.84,
                "pressure": 1013.17,
                "windSpeed": 5.55,
                "windGust": 8.07,
                "windBearing": 328,
                "cloudCover": 0.85,
                "uvIndex": 0,
                "visibility": 9.03,
                "ozone": 236.54
            },
            {
                "time": 1548471600,
                "summary": "Mostly Cloudy",
                "icon": "partly-cloudy-night",
                "precipIntensity": 0.0164,
                "precipProbability": 0.18,
                "precipType": "rain",
                "temperature": 76.33,
                "apparentTemperature": 77.67,
                "dewPoint": 71.56,
                "humidity": 0.85,
                "pressure": 1013.7,
                "windSpeed": 5.5,
                "windGust": 8.58,
                "windBearing": 316,
                "cloudCover": 0.87,
                "uvIndex": 0,
                "visibility": 8.89,
                "ozone": 237.1
            },
            {
                "time": 1548475200,
                "summary": "Mostly Cloudy",
                "icon": "partly-cloudy-night",
                "precipIntensity": 0.0147,
                "precipProbability": 0.15,
                "precipType": "rain",
                "temperature": 75.68,
                "apparentTemperature": 77.02,
                "dewPoint": 71.37,
                "humidity": 0.87,
                "pressure": 1013.74,
                "windSpeed": 5.32,
                "windGust": 8.36,
                "windBearing": 317,
                "cloudCover": 0.89,
                "uvIndex": 0,
                "visibility": 8.93,
                "ozone": 237.6
            },
            {
                "time": 1548478800,
                "summary": "Mostly Cloudy",
                "icon": "partly-cloudy-night",
                "precipIntensity": 0.0136,
                "precipProbability": 0.14,
                "precipType": "rain",
                "temperature": 75.26,
                "apparentTemperature": 76.59,
                "dewPoint": 71.18,
                "humidity": 0.87,
                "pressure": 1013.52,
                "windSpeed": 5.05,
                "windGust": 7.82,
                "windBearing": 317,
                "cloudCover": 0.93,
                "uvIndex": 0,
                "visibility": 9.08,
                "ozone": 238.02
            },
            {
                "time": 1548482400,
                "summary": "Overcast",
                "icon": "cloudy",
                "precipIntensity": 0.0131,
                "precipProbability": 0.14,
                "precipType": "rain",
                "temperature": 75.07,
                "apparentTemperature": 76.38,
                "dewPoint": 71.06,
                "humidity": 0.87,
                "pressure": 1013.17,
                "windSpeed": 4.83,
                "windGust": 7.41,
                "windBearing": 319,
                "cloudCover": 0.95,
                "uvIndex": 0,
                "visibility": 9.29,
                "ozone": 238.3
            },
            {
                "time": 1548486000,
                "summary": "Overcast",
                "icon": "cloudy",
                "precipIntensity": 0.0139,
                "precipProbability": 0.14,
                "precipType": "rain",
                "temperature": 75.07,
                "apparentTemperature": 76.38,
                "dewPoint": 71.04,
                "humidity": 0.87,
                "pressure": 1012.68,
                "windSpeed": 4.74,
                "windGust": 7.27,
                "windBearing": 327,
                "cloudCover": 0.95,
                "uvIndex": 0,
                "visibility": 9.51,
                "ozone": 238.3
            },
            {
                "time": 1548489600,
                "summary": "Mostly Cloudy",
                "icon": "partly-cloudy-night",
                "precipIntensity": 0.0159,
                "precipProbability": 0.15,
                "precipType": "rain",
                "temperature": 75.24,
                "apparentTemperature": 76.55,
                "dewPoint": 71.09,
                "humidity": 0.87,
                "pressure": 1012.07,
                "windSpeed": 4.72,
                "windGust": 7.23,
                "windBearing": 338,
                "cloudCover": 0.93,
                "uvIndex": 0,
                "visibility": 9.77,
                "ozone": 238.16
            },
            {
                "time": 1548493200,
                "summary": "Mostly Cloudy",
                "icon": "partly-cloudy-night",
                "precipIntensity": 0.0163,
                "precipProbability": 0.16,
                "precipType": "rain",
                "temperature": 75.5,
                "apparentTemperature": 76.8,
                "dewPoint": 71.07,
                "humidity": 0.86,
                "pressure": 1011.7,
                "windSpeed": 4.76,
                "windGust": 7.23,
                "windBearing": 350,
                "cloudCover": 0.92,
                "uvIndex": 0,
                "visibility": 9.96,
                "ozone": 238.02
            },
            {
                "time": 1548496800,
                "summary": "Mostly Cloudy",
                "icon": "partly-cloudy-night",
                "precipIntensity": 0.0131,
                "precipProbability": 0.16,
                "precipType": "rain",
                "temperature": 75.51,
                "apparentTemperature": 76.8,
                "dewPoint": 71.01,
                "humidity": 0.86,
                "pressure": 1011.77,
                "windSpeed": 4.82,
                "windGust": 7.25,
                "windBearing": 1,
                "cloudCover": 0.92,
                "uvIndex": 0,
                "visibility": 9.94,
                "ozone": 238.16
            },
            {
                "time": 1548500400,
                "summary": "Mostly Cloudy",
                "icon": "partly-cloudy-night",
                "precipIntensity": 0.0091,
                "precipProbability": 0.15,
                "precipType": "rain",
                "temperature": 75.5,
                "apparentTemperature": 76.78,
                "dewPoint": 70.92,
                "humidity": 0.86,
                "pressure": 1012.07,
                "windSpeed": 4.89,
                "windGust": 7.31,
                "windBearing": 11,
                "cloudCover": 0.92,
                "uvIndex": 0,
                "visibility": 9.88,
                "ozone": 238.39
            },
            {
                "time": 1548504000,
                "summary": "Mostly Cloudy",
                "icon": "partly-cloudy-day",
                "precipIntensity": 0.0063,
                "precipProbability": 0.14,
                "precipType": "rain",
                "temperature": 75.82,
                "apparentTemperature": 77.08,
                "dewPoint": 70.88,
                "humidity": 0.85,
                "pressure": 1012.47,
                "windSpeed": 5.02,
                "windGust": 7.24,
                "windBearing": 23,
                "cloudCover": 0.9,
                "uvIndex": 0,
                "visibility": 10,
                "ozone": 238.72
            },
            {
                "time": 1548507600,
                "summary": "Mostly Cloudy",
                "icon": "partly-cloudy-day",
                "precipIntensity": 0.004,
                "precipProbability": 0.13,
                "precipType": "rain",
                "temperature": 76.62,
                "apparentTemperature": 77.88,
                "dewPoint": 71.02,
                "humidity": 0.83,
                "pressure": 1013.04,
                "windSpeed": 5.25,
                "windGust": 6.98,
                "windBearing": 11,
                "cloudCover": 0.83,
                "uvIndex": 1,
                "visibility": 10,
                "ozone": 239.23
            },
            {
                "time": 1548511200,
                "summary": "Mostly Cloudy",
                "icon": "partly-cloudy-day",
                "precipIntensity": 0.0024,
                "precipProbability": 0.09,
                "precipType": "rain",
                "temperature": 77.67,
                "apparentTemperature": 78.92,
                "dewPoint": 71.21,
                "humidity": 0.81,
                "pressure": 1013.72,
                "windSpeed": 5.84,
                "windGust": 6.64,
                "windBearing": 320,
                "cloudCover": 0.73,
                "uvIndex": 2,
                "visibility": 10,
                "ozone": 239.8
            },
            {
                "time": 1548514800,
                "summary": "Mostly Cloudy",
                "icon": "partly-cloudy-day",
                "precipIntensity": 0.0019,
                "precipProbability": 0.07,
                "precipType": "rain",
                "temperature": 78.57,
                "apparentTemperature": 79.81,
                "dewPoint": 71.26,
                "humidity": 0.78,
                "pressure": 1014.01,
                "windSpeed": 6.06,
                "windGust": 6.43,
                "windBearing": 315,
                "cloudCover": 0.65,
                "uvIndex": 4,
                "visibility": 10,
                "ozone": 240.22
            },
            {
                "time": 1548518400,
                "summary": "Partly Cloudy",
                "icon": "partly-cloudy-day",
                "precipIntensity": 0.0016,
                "precipProbability": 0.07,
                "precipType": "rain",
                "temperature": 80.34,
                "apparentTemperature": 83.95,
                "dewPoint": 70.95,
                "humidity": 0.73,
                "pressure": 1013.68,
                "windSpeed": 5.6,
                "windGust": 5.85,
                "windBearing": 95,
                "cloudCover": 0.55,
                "uvIndex": 7,
                "visibility": 10,
                "ozone": 240.22
            },
            {
                "time": 1548522000,
                "summary": "Partly Cloudy",
                "icon": "partly-cloudy-day",
                "precipIntensity": 0.0013,
                "precipProbability": 0.06,
                "precipType": "rain",
                "temperature": 82.1,
                "apparentTemperature": 86.19,
                "dewPoint": 70.48,
                "humidity": 0.68,
                "pressure": 1013,
                "windSpeed": 5.18,
                "windGust": 5.36,
                "windBearing": 37,
                "cloudCover": 0.43,
                "uvIndex": 8,
                "visibility": 10,
                "ozone": 239.96
            },
            {
                "time": 1548525600,
                "summary": "Partly Cloudy",
                "icon": "partly-cloudy-day",
                "precipIntensity": 0.0011,
                "precipProbability": 0.05,
                "precipType": "rain",
                "temperature": 83.28,
                "apparentTemperature": 87.58,
                "dewPoint": 70.23,
                "humidity": 0.65,
                "pressure": 1012.22,
                "windSpeed": 4.9,
                "windGust": 5.18,
                "windBearing": 358,
                "cloudCover": 0.35,
                "uvIndex": 9,
                "visibility": 10,
                "ozone": 239.62
            },
            {
                "time": 1548529200,
                "summary": "Partly Cloudy",
                "icon": "partly-cloudy-day",
                "precipIntensity": 0.0013,
                "precipProbability": 0.05,
                "precipType": "rain",
                "temperature": 83.65,
                "apparentTemperature": 88.17,
                "dewPoint": 70.43,
                "humidity": 0.65,
                "pressure": 1011.33,
                "windSpeed": 5.49,
                "windGust": 5.77,
                "windBearing": 354,
                "cloudCover": 0.33,
                "uvIndex": 8,
                "visibility": 10,
                "ozone": 238.92
            }
        ]
    },
    "daily": {
        "summary": "Light rain today through Saturday, with high temperatures rising to 84°F on Wednesday.",
        "icon": "rain",
        "data": [
            {
                "time": 1548309600,
                "summary": "Humid and mostly cloudy throughout the day.",
                "icon": "partly-cloudy-day",
                "sunriseTime": 1548330882,
                "sunsetTime": 1548372872,
                "moonPhase": 0.63,
                "precipIntensity": 0.0058,
                "precipIntensityMax": 0.0272,
                "precipIntensityMaxTime": 1548385200,
                "precipProbability": 0.43,
                "precipType": "rain",
                "temperatureHigh": 82.86,
                "temperatureHighTime": 1548360000,
                "temperatureLow": 75.31,
                "temperatureLowTime": 1548396000,
                "apparentTemperatureHigh": 88.73,
                "apparentTemperatureHighTime": 1548360000,
                "apparentTemperatureLow": 76.69,
                "apparentTemperatureLowTime": 1548396000,
                "dewPoint": 70.33,
                "humidity": 0.8,
                "pressure": 1012.16,
                "windSpeed": 2.44,
                "windGust": 9.05,
                "windGustTime": 1548363600,
                "windBearing": 318,
                "cloudCover": 0.6,
                "uvIndex": 9,
                "uvIndexTime": 1548352800,
                "visibility": 9.17,
                "ozone": 240.98,
                "temperatureMin": 71.49,
                "temperatureMinTime": 1548331200,
                "temperatureMax": 82.86,
                "temperatureMaxTime": 1548360000,
                "apparentTemperatureMin": 72.51,
                "apparentTemperatureMinTime": 1548331200,
                "apparentTemperatureMax": 88.73,
                "apparentTemperatureMaxTime": 1548360000
            },
            {
                "time": 1548396000,
                "summary": "Humid and mostly cloudy throughout the day.",
                "icon": "partly-cloudy-day",
                "sunriseTime": 1548417286,
                "sunsetTime": 1548459298,
                "moonPhase": 0.67,
                "precipIntensity": 0.0162,
                "precipIntensityMax": 0.0237,
                "precipIntensityMaxTime": 1548460800,
                "precipProbability": 0.77,
                "precipType": "rain",
                "temperatureHigh": 81.85,
                "temperatureHighTime": 1548439200,
                "temperatureLow": 75.07,
                "temperatureLowTime": 1548486000,
                "apparentTemperatureHigh": 87,
                "apparentTemperatureHighTime": 1548439200,
                "apparentTemperatureLow": 76.38,
                "apparentTemperatureLowTime": 1548486000,
                "dewPoint": 71.82,
                "humidity": 0.82,
                "pressure": 1012.89,
                "windSpeed": 4.63,
                "windGust": 8.58,
                "windGustTime": 1548471600,
                "windBearing": 331,
                "cloudCover": 0.78,
                "uvIndex": 8,
                "uvIndexTime": 1548439200,
                "visibility": 9.9,
                "ozone": 238.38,
                "temperatureMin": 75.26,
                "temperatureMinTime": 1548478800,
                "temperatureMax": 81.85,
                "temperatureMaxTime": 1548439200,
                "apparentTemperatureMin": 76.59,
                "apparentTemperatureMinTime": 1548478800,
                "apparentTemperatureMax": 87,
                "apparentTemperatureMaxTime": 1548439200
            },
            {
                "time": 1548482400,
                "summary": "Partly cloudy throughout the day.",
                "icon": "partly-cloudy-day",
                "sunriseTime": 1548503688,
                "sunsetTime": 1548545723,
                "moonPhase": 0.71,
                "precipIntensity": 0.0064,
                "precipIntensityMax": 0.0163,
                "precipIntensityMaxTime": 1548493200,
                "precipProbability": 0.56,
                "precipType": "rain",
                "temperatureHigh": 83.65,
                "temperatureHighTime": 1548529200,
                "temperatureLow": 74.72,
                "temperatureLowTime": 1548586800,
                "apparentTemperatureHigh": 88.17,
                "apparentTemperatureHighTime": 1548529200,
                "apparentTemperatureLow": 75.76,
                "apparentTemperatureLowTime": 1548586800,
                "dewPoint": 71.07,
                "humidity": 0.79,
                "pressure": 1011.99,
                "windSpeed": 3.89,
                "windGust": 7.41,
                "windGustTime": 1548482400,
                "windBearing": 3,
                "cloudCover": 0.62,
                "uvIndex": 9,
                "uvIndexTime": 1548525600,
                "visibility": 10,
                "ozone": 238.73,
                "temperatureMin": 75.07,
                "temperatureMinTime": 1548486000,
                "temperatureMax": 83.65,
                "temperatureMaxTime": 1548529200,
                "apparentTemperatureMin": 76.38,
                "apparentTemperatureMinTime": 1548486000,
                "apparentTemperatureMax": 88.17,
                "apparentTemperatureMaxTime": 1548529200
            },
            {
                "time": 1548568800,
                "summary": "Humid and mostly cloudy throughout the day.",
                "icon": "partly-cloudy-day",
                "sunriseTime": 1548590090,
                "sunsetTime": 1548632148,
                "moonPhase": 0.74,
                "precipIntensity": 0.0054,
                "precipIntensityMax": 0.0106,
                "precipIntensityMaxTime": 1548597600,
                "precipProbability": 0.54,
                "precipType": "rain",
                "temperatureHigh": 82.46,
                "temperatureHighTime": 1548612000,
                "temperatureLow": 73.73,
                "temperatureLowTime": 1548673200,
                "apparentTemperatureHigh": 87.49,
                "apparentTemperatureHighTime": 1548612000,
                "apparentTemperatureLow": 74.89,
                "apparentTemperatureLowTime": 1548673200,
                "dewPoint": 70.94,
                "humidity": 0.8,
                "pressure": 1011.69,
                "windSpeed": 2.93,
                "windGust": 7.67,
                "windGustTime": 1548619200,
                "windBearing": 5,
                "cloudCover": 0.63,
                "uvIndex": 7,
                "uvIndexTime": 1548608400,
                "visibility": 10,
                "ozone": 238.15,
                "temperatureMin": 74.72,
                "temperatureMinTime": 1548586800,
                "temperatureMax": 82.46,
                "temperatureMaxTime": 1548612000,
                "apparentTemperatureMin": 75.76,
                "apparentTemperatureMinTime": 1548586800,
                "apparentTemperatureMax": 87.49,
                "apparentTemperatureMaxTime": 1548612000
            },
            {
                "time": 1548655200,
                "summary": "Partly cloudy until evening.",
                "icon": "partly-cloudy-day",
                "sunriseTime": 1548676491,
                "sunsetTime": 1548718572,
                "moonPhase": 0.78,
                "precipIntensity": 0.0005,
                "precipIntensityMax": 0.0033,
                "precipIntensityMaxTime": 1548655200,
                "precipProbability": 0.21,
                "precipType": "rain",
                "temperatureHigh": 83.97,
                "temperatureHighTime": 1548702000,
                "temperatureLow": 71.3,
                "temperatureLowTime": 1548759600,
                "apparentTemperatureHigh": 87.62,
                "apparentTemperatureHighTime": 1548702000,
                "apparentTemperatureLow": 71.57,
                "apparentTemperatureLowTime": 1548759600,
                "dewPoint": 69.39,
                "humidity": 0.77,
                "pressure": 1011.87,
                "windSpeed": 1.57,
                "windGust": 6.44,
                "windGustTime": 1548705600,
                "windBearing": 347,
                "cloudCover": 0.51,
                "uvIndex": 9,
                "uvIndexTime": 1548694800,
                "visibility": 9.12,
                "ozone": 238.1,
                "temperatureMin": 72.91,
                "temperatureMinTime": 1548738000,
                "temperatureMax": 83.97,
                "temperatureMaxTime": 1548702000,
                "apparentTemperatureMin": 73.84,
                "apparentTemperatureMinTime": 1548738000,
                "apparentTemperatureMax": 87.62,
                "apparentTemperatureMaxTime": 1548702000
            },
            {
                "time": 1548741600,
                "summary": "Partly cloudy overnight.",
                "icon": "partly-cloudy-night",
                "sunriseTime": 1548762890,
                "sunsetTime": 1548804995,
                "moonPhase": 0.81,
                "precipIntensity": 0.0002,
                "precipIntensityMax": 0.0012,
                "precipIntensityMaxTime": 1548824400,
                "precipProbability": 0.07,
                "precipType": "rain",
                "temperatureHigh": 83.69,
                "temperatureHighTime": 1548784800,
                "temperatureLow": 72.76,
                "temperatureLowTime": 1548846000,
                "apparentTemperatureHigh": 85.96,
                "apparentTemperatureHighTime": 1548788400,
                "apparentTemperatureLow": 73.09,
                "apparentTemperatureLowTime": 1548846000,
                "dewPoint": 65.6,
                "humidity": 0.7,
                "pressure": 1011.97,
                "windSpeed": 0.92,
                "windGust": 7.09,
                "windGustTime": 1548824400,
                "windBearing": 303,
                "cloudCover": 0.09,
                "uvIndex": 11,
                "uvIndexTime": 1548781200,
                "visibility": 10,
                "ozone": 238.56,
                "temperatureMin": 71.3,
                "temperatureMinTime": 1548759600,
                "temperatureMax": 83.69,
                "temperatureMaxTime": 1548784800,
                "apparentTemperatureMin": 71.57,
                "apparentTemperatureMinTime": 1548759600,
                "apparentTemperatureMax": 85.96,
                "apparentTemperatureMaxTime": 1548788400
            },
            {
                "time": 1548828000,
                "summary": "Partly cloudy starting in the evening.",
                "icon": "partly-cloudy-night",
                "sunriseTime": 1548849289,
                "sunsetTime": 1548891418,
                "moonPhase": 0.84,
                "precipIntensity": 0.0023,
                "precipIntensityMax": 0.0068,
                "precipIntensityMaxTime": 1548846000,
                "precipProbability": 0.2,
                "precipType": "rain",
                "temperatureHigh": 84.48,
                "temperatureHighTime": 1548874800,
                "temperatureLow": 71.18,
                "temperatureLowTime": 1548932400,
                "apparentTemperatureHigh": 87.28,
                "apparentTemperatureHighTime": 1548874800,
                "apparentTemperatureLow": 71.37,
                "apparentTemperatureLowTime": 1548932400,
                "dewPoint": 65.93,
                "humidity": 0.69,
                "pressure": 1013.37,
                "windSpeed": 1.57,
                "windGust": 10.91,
                "windGustTime": 1548910800,
                "windBearing": 301,
                "cloudCover": 0.28,
                "uvIndex": 10,
                "uvIndexTime": 1548871200,
                "visibility": 10,
                "ozone": 237.43,
                "temperatureMin": 72.76,
                "temperatureMinTime": 1548846000,
                "temperatureMax": 84.48,
                "temperatureMaxTime": 1548874800,
                "apparentTemperatureMin": 73.09,
                "apparentTemperatureMinTime": 1548846000,
                "apparentTemperatureMax": 87.28,
                "apparentTemperatureMaxTime": 1548874800
            },
            {
                "time": 1548914400,
                "summary": "Partly cloudy starting in the afternoon.",
                "icon": "partly-cloudy-night",
                "sunriseTime": 1548935687,
                "sunsetTime": 1548977840,
                "moonPhase": 0.88,
                "precipIntensity": 0.0039,
                "precipIntensityMax": 0.0175,
                "precipIntensityMaxTime": 1548936000,
                "precipProbability": 0.1,
                "precipType": "rain",
                "temperatureHigh": 83.23,
                "temperatureHighTime": 1548961200,
                "temperatureLow": 72.14,
                "temperatureLowTime": 1549018800,
                "apparentTemperatureHigh": 84.88,
                "apparentTemperatureHighTime": 1548961200,
                "apparentTemperatureLow": 72.37,
                "apparentTemperatureLowTime": 1549018800,
                "dewPoint": 63.43,
                "humidity": 0.65,
                "pressure": 1014.22,
                "windSpeed": 3.54,
                "windGust": 13.93,
                "windGustTime": 1548997200,
                "windBearing": 275,
                "cloudCover": 0.23,
                "uvIndex": 11,
                "uvIndexTime": 1548954000,
                "visibility": 10,
                "ozone": 236.63,
                "temperatureMin": 71.18,
                "temperatureMinTime": 1548932400,
                "temperatureMax": 83.23,
                "temperatureMaxTime": 1548961200,
                "apparentTemperatureMin": 71.37,
                "apparentTemperatureMinTime": 1548932400,
                "apparentTemperatureMax": 84.88,
                "apparentTemperatureMaxTime": 1548961200
            }
        ]
    },
    "flags": {
        "sources": [
            "cmc",
            "gfs",
            "icon",
            "isd",
            "madis",
            "nam",
            "sref"
        ],
        "nearest-station": 19.149,
        "units": "us"
    },
    "offset": -6
}